title,content
"First Post","This is the content of the first post. It's a test post for load testing."
"Exciting News","We have some exciting news to share! Stay tuned for more updates."
"Tech Review","In this post, we'll be reviewing the latest smartphone releases."
"Travel Blog","Join me on my recent adventure to the mountains. It was breathtaking!"
"Recipe Share","Here's my favorite recipe for chocolate chip cookies. Enjoy!"
"Fitness Tips","5 easy exercises you can do at home to stay fit and healthy."
"Book Recommendation","I just finished an amazing book and I can't wait to tell you about it."
"Movie Critique","My thoughts on the latest blockbuster movie - hits and misses."
"Gardening 101","Basic tips for starting your own vegetable garden at home."
"Tech Trends","Exploring the top tech trends that will shape the future."